{"start": 1647685332.5061398, "now": 0.06781649589538574, "stop": true, "isstart": false, "clear": true}