{"start": 1647753086.8796277, "now": -0.00929880142211914, "stop": false, "isstart": true, "clear": false}